"","source","site","datetime","analyte","value","units","latitude","longitude","sample_depth"
"...1","MiamiBeach","22","01/16/2024 12:00:00","Field_Specific_Conductance",48525,"umhos/cm",NA,NA,NA
"...2","MiamiBeach","23","01/16/2024 12:00:00","Field_Specific_Conductance",49431,"umhos/cm",NA,NA,NA
"...3","MiamiBeach","24","01/16/2024 12:00:00","Field_Specific_Conductance",48439,"umhos/cm",NA,NA,NA
"...4","MiamiBeach","25","01/16/2024 12:00:00","Field_Specific_Conductance",51143,"umhos/cm",NA,NA,NA
"...5","MiamiBeach","26","01/16/2024 12:00:00","Field_Specific_Conductance",35535,"umhos/cm",NA,NA,NA
"...6","MiamiBeach","27","01/16/2024 12:00:00","Field_Specific_Conductance",46926,"umhos/cm",NA,NA,NA
"...7","MiamiBeach","28","01/16/2024 12:00:00","Field_Specific_Conductance",46643,"umhos/cm",NA,NA,NA
"...8","MiamiBeach","29","01/16/2024 12:00:00","Field_Specific_Conductance",41492,"umhos/cm",NA,NA,NA
"...9","MiamiBeach","30","01/16/2024 12:00:00","Field_Specific_Conductance",42643,"umhos/cm",NA,NA,NA
"...10","MiamiBeach","31","01/16/2024 12:00:00","Field_Specific_Conductance",49446,"umhos/cm",NA,NA,NA
"...11","MiamiBeach","32","01/16/2024 12:00:00","Field_Specific_Conductance",46623,"umhos/cm",NA,NA,NA
"...12","MiamiBeach","33","01/16/2024 12:00:00","Field_Specific_Conductance",28678,"umhos/cm",NA,NA,NA
"...13","MiamiBeach","34","01/16/2024 12:00:00","Field_Specific_Conductance",50688,"umhos/cm",NA,NA,NA
"...14","MiamiBeach","35","01/16/2024 12:00:00","Field_Specific_Conductance",50522,"umhos/cm",NA,NA,NA
"...15","MiamiBeach","36","01/16/2024 12:00:00","Field_Specific_Conductance",48590,"umhos/cm",NA,NA,NA
"...16","MiamiBeach","37","01/16/2024 12:00:00","Field_Specific_Conductance",50148,"umhos/cm",NA,NA,NA
"...17","MiamiBeach","38","01/16/2024 12:00:00","Field_Specific_Conductance",51385,"umhos/cm",NA,NA,NA
"...18","MiamiBeach","39","01/16/2024 12:00:00","Field_Specific_Conductance",52110,"umhos/cm",NA,NA,NA
"...19","MiamiBeach","40","01/16/2024 12:00:00","Field_Specific_Conductance",52650,"umhos/cm",NA,NA,NA
"...20","MiamiBeach","41","01/16/2024 12:00:00","Field_Specific_Conductance",52633,"umhos/cm",NA,NA,NA
"...21","MiamiBeach","1","01/17/2024 12:00:00","Field_Specific_Conductance",4656,"umhos/cm",NA,NA,NA
"...22","MiamiBeach","2","01/17/2024 12:00:00","Field_Specific_Conductance",4741,"umhos/cm",NA,NA,NA
"...23","MiamiBeach","3b","01/17/2024 12:00:00","Field_Specific_Conductance",4719,"umhos/cm",NA,NA,NA
"...24","MiamiBeach","3","01/17/2024 12:00:00","Field_Specific_Conductance",4632,"umhos/cm",NA,NA,NA
"...25","MiamiBeach","4","01/17/2024 12:00:00","Field_Specific_Conductance",4693,"umhos/cm",NA,NA,NA
"...26","MiamiBeach","5","01/17/2024 12:00:00","Field_Specific_Conductance",4688,"umhos/cm",NA,NA,NA
"...27","MiamiBeach","6","01/17/2024 12:00:00","Field_Specific_Conductance",4687,"umhos/cm",NA,NA,NA
"...28","MiamiBeach","7","01/17/2024 12:00:00","Field_Specific_Conductance",4694,"umhos/cm",NA,NA,NA
"...29","MiamiBeach","8","01/17/2024 12:00:00","Field_Specific_Conductance",4690,"umhos/cm",NA,NA,NA
"...30","MiamiBeach","9","01/17/2024 12:00:00","Field_Specific_Conductance",4677,"umhos/cm",NA,NA,NA
"...31","MiamiBeach","10","01/17/2024 12:00:00","Field_Specific_Conductance",4709,"umhos/cm",NA,NA,NA
"...32","MiamiBeach","11","01/17/2024 12:00:00","Field_Specific_Conductance",4675,"umhos/cm",NA,NA,NA
"...33","MiamiBeach","12","01/17/2024 12:00:00","Field_Specific_Conductance",4604,"umhos/cm",NA,NA,NA
"...34","MiamiBeach","13","01/17/2024 12:00:00","Field_Specific_Conductance",4728,"umhos/cm",NA,NA,NA
"...35","MiamiBeach","14","01/17/2024 12:00:00","Field_Specific_Conductance",4702,"umhos/cm",NA,NA,NA
"...36","MiamiBeach","15","01/17/2024 12:00:00","Field_Specific_Conductance",4714,"umhos/cm",NA,NA,NA
"...37","MiamiBeach","16","01/17/2024 12:00:00","Field_Specific_Conductance",4655,"umhos/cm",NA,NA,NA
"...38","MiamiBeach","17","01/17/2024 12:00:00","Field_Specific_Conductance",4661,"umhos/cm",NA,NA,NA
"...39","MiamiBeach","18","01/17/2024 12:00:00","Field_Specific_Conductance",4694,"umhos/cm",NA,NA,NA
"...40","MiamiBeach","19","01/17/2024 12:00:00","Field_Specific_Conductance",4708,"umhos/cm",NA,NA,NA
"...41","MiamiBeach","20","01/17/2024 12:00:00","Field_Specific_Conductance",4715,"umhos/cm",NA,NA,NA
"...42","MiamiBeach","21","01/17/2024 12:00:00","Field_Specific_Conductance",4819,"umhos/cm",NA,NA,NA
"...43","MiamiBeach","26","02/13/2024 12:00:00","Field_Specific_Conductance",2135,"umhos/cm",NA,NA,NA
"...44","MiamiBeach","27","02/13/2024 12:00:00","Field_Specific_Conductance",5149,"umhos/cm",NA,NA,NA
"...45","MiamiBeach","28","02/13/2024 12:00:00","Field_Specific_Conductance",5156,"umhos/cm",NA,NA,NA
"...46","MiamiBeach","32","02/13/2024 12:00:00","Field_Specific_Conductance",5068,"umhos/cm",NA,NA,NA
"...47","MiamiBeach","33","02/13/2024 12:00:00","Field_Specific_Conductance",5046,"umhos/cm",NA,NA,NA
"...48","MiamiBeach","29","02/13/2024 12:00:00","Field_Specific_Conductance",5787,"umhos/cm",NA,NA,NA
"...49","MiamiBeach","30","02/13/2024 12:00:00","Field_Specific_Conductance",5217,"umhos/cm",NA,NA,NA
"...50","MiamiBeach","31","02/13/2024 12:00:00","Field_Specific_Conductance",5247,"umhos/cm",NA,NA,NA
"...51","MiamiBeach","34","02/13/2024 12:00:00","Field_Specific_Conductance",5218,"umhos/cm",NA,NA,NA
"...52","MiamiBeach","37","02/13/2024 12:00:00","Field_Specific_Conductance",5305,"umhos/cm",NA,NA,NA
"...53","MiamiBeach","36","02/13/2024 12:00:00","Field_Specific_Conductance",5052,"umhos/cm",NA,NA,NA
"...54","MiamiBeach","25","02/13/2024 12:00:00","Field_Specific_Conductance",5245,"umhos/cm",NA,NA,NA
"...55","MiamiBeach","24","02/16/2024 12:00:00","Field_Specific_Conductance",5080,"umhos/cm",NA,NA,NA
"...56","MiamiBeach","23","02/16/2024 12:00:00","Field_Specific_Conductance",5126,"umhos/cm",NA,NA,NA
"...57","MiamiBeach","22","02/16/2024 12:00:00","Field_Specific_Conductance",5055,"umhos/cm",NA,NA,NA
"...58","MiamiBeach","21","02/16/2024 12:00:00","Field_Specific_Conductance",5081,"umhos/cm",NA,NA,NA
"...59","MiamiBeach","20","02/16/2024 12:00:00","Field_Specific_Conductance",5032,"umhos/cm",NA,NA,NA
"...60","MiamiBeach","15","02/16/2024 12:00:00","Field_Specific_Conductance",4809,"umhos/cm",NA,NA,NA
"...61","MiamiBeach","16","02/16/2024 12:00:00","Field_Specific_Conductance",4967,"umhos/cm",NA,NA,NA
"...62","MiamiBeach","17","02/16/2024 12:00:00","Field_Specific_Conductance",4870,"umhos/cm",NA,NA,NA
"...63","MiamiBeach","18","02/16/2024 12:00:00","Field_Specific_Conductance",5000,"umhos/cm",NA,NA,NA
"...64","MiamiBeach","19","02/16/2024 12:00:00","Field_Specific_Conductance",4972,"umhos/cm",NA,NA,NA
"...65","MiamiBeach","14","02/16/2024 12:00:00","Field_Specific_Conductance",4977,"umhos/cm",NA,NA,NA
"...66","MiamiBeach","13","02/16/2024 12:00:00","Field_Specific_Conductance",5088,"umhos/cm",NA,NA,NA
"...67","MiamiBeach","12","02/16/2024 12:00:00","Field_Specific_Conductance",5067,"umhos/cm",NA,NA,NA
"...68","MiamiBeach","11","02/16/2024 12:00:00","Field_Specific_Conductance",5125,"umhos/cm",NA,NA,NA
"...69","MiamiBeach","10","02/16/2024 12:00:00","Field_Specific_Conductance",5290,"umhos/cm",NA,NA,NA
"...70","MiamiBeach","9","02/16/2024 12:00:00","Field_Specific_Conductance",5194,"umhos/cm",NA,NA,NA
"...71","MiamiBeach","8","02/16/2024 12:00:00","Field_Specific_Conductance",5051,"umhos/cm",NA,NA,NA
"...72","MiamiBeach","7","02/16/2024 12:00:00","Field_Specific_Conductance",5067,"umhos/cm",NA,NA,NA
"...73","MiamiBeach","6","02/16/2024 12:00:00","Field_Specific_Conductance",5077,"umhos/cm",NA,NA,NA
"...74","MiamiBeach","5","02/16/2024 12:00:00","Field_Specific_Conductance",5098,"umhos/cm",NA,NA,NA
"...75","MiamiBeach","4","02/16/2024 12:00:00","Field_Specific_Conductance",5081,"umhos/cm",NA,NA,NA
"...76","MiamiBeach","3B","02/16/2024 12:00:00","Field_Specific_Conductance",5176,"umhos/cm",NA,NA,NA
"...77","MiamiBeach","3","02/16/2024 12:00:00","Field_Specific_Conductance",5093,"umhos/cm",NA,NA,NA
"...78","MiamiBeach","2","02/16/2024 12:00:00","Field_Specific_Conductance",5071,"umhos/cm",NA,NA,NA
"...79","MiamiBeach","1","02/16/2024 12:00:00","Field_Specific_Conductance",5137,"umhos/cm",NA,NA,NA
"...80","MiamiBeach","35","02/16/2024 12:00:00","Field_Specific_Conductance",5187,"umhos/cm",NA,NA,NA
"...81","MiamiBeach","41","02/16/2024 12:00:00","Field_Specific_Conductance",5352,"umhos/cm",NA,NA,NA
"...82","MiamiBeach","40","02/16/2024 12:00:00","Field_Specific_Conductance",5323,"umhos/cm",NA,NA,NA
"...83","MiamiBeach","39","02/16/2024 12:00:00","Field_Specific_Conductance",5325,"umhos/cm",NA,NA,NA
"...84","MiamiBeach","38","02/16/2024 12:00:00","Field_Specific_Conductance",5310,"umhos/cm",NA,NA,NA
"...85","MiamiBeach","1","03/12/2024 12:00:00","Field_Specific_Conductance",4305,"umhos/cm",NA,NA,NA
"...86","MiamiBeach","2","03/12/2024 12:00:00","Field_Specific_Conductance",4850,"umhos/cm",NA,NA,NA
"...87","MiamiBeach","3B","03/12/2024 12:00:00","Field_Specific_Conductance",4731,"umhos/cm",NA,NA,NA
"...88","MiamiBeach","3","03/12/2024 12:00:00","Field_Specific_Conductance",4841,"umhos/cm",NA,NA,NA
"...89","MiamiBeach","4","03/12/2024 12:00:00","Field_Specific_Conductance",4823,"umhos/cm",NA,NA,NA
"...90","MiamiBeach","5","03/12/2024 12:00:00","Field_Specific_Conductance",4829,"umhos/cm",NA,NA,NA
"...91","MiamiBeach","6","03/12/2024 12:00:00","Field_Specific_Conductance",4848,"umhos/cm",NA,NA,NA
"...92","MiamiBeach","7","03/12/2024 12:00:00","Field_Specific_Conductance",4870,"umhos/cm",NA,NA,NA
"...93","MiamiBeach","8","03/12/2024 12:00:00","Field_Specific_Conductance",4831,"umhos/cm",NA,NA,NA
"...94","MiamiBeach","9","03/12/2024 12:00:00","Field_Specific_Conductance",5051,"umhos/cm",NA,NA,NA
"...95","MiamiBeach","10","03/12/2024 12:00:00","Field_Specific_Conductance",4797,"umhos/cm",NA,NA,NA
"...96","MiamiBeach","11","03/12/2024 12:00:00","Field_Specific_Conductance",4899,"umhos/cm",NA,NA,NA
"...97","MiamiBeach","12","03/12/2024 12:00:00","Field_Specific_Conductance",4859,"umhos/cm",NA,NA,NA
"...98","MiamiBeach","13","03/12/2024 12:00:00","Field_Specific_Conductance",4838,"umhos/cm",NA,NA,NA
"...99","MiamiBeach","14","03/12/2024 12:00:00","Field_Specific_Conductance",4850,"umhos/cm",NA,NA,NA
"...100","MiamiBeach","15","03/12/2024 12:00:00","Field_Specific_Conductance",4860,"umhos/cm",NA,NA,NA
"...101","MiamiBeach","16","03/12/2024 12:00:00","Field_Specific_Conductance",4797,"umhos/cm",NA,NA,NA
"...102","MiamiBeach","17","03/12/2024 12:00:00","Field_Specific_Conductance",4799,"umhos/cm",NA,NA,NA
"...103","MiamiBeach","18","03/12/2024 12:00:00","Field_Specific_Conductance",4783,"umhos/cm",NA,NA,NA
"...104","MiamiBeach","19","03/12/2024 12:00:00","Field_Specific_Conductance",4839,"umhos/cm",NA,NA,NA
"...105","MiamiBeach","20","03/12/2024 12:00:00","Field_Specific_Conductance",4929,"umhos/cm",NA,NA,NA
"...106","MiamiBeach","21","03/12/2024 12:00:00","Field_Specific_Conductance",4968,"umhos/cm",NA,NA,NA
"...107","MiamiBeach","22","03/12/2024 12:00:00","Field_Specific_Conductance",5006,"umhos/cm",NA,NA,NA
"...108","MiamiBeach","23","03/12/2024 12:00:00","Field_Specific_Conductance",5053,"umhos/cm",NA,NA,NA
"...109","MiamiBeach","25","03/14/2024 12:00:00","Field_Specific_Conductance",4870,"umhos/cm",NA,NA,NA
"...110","MiamiBeach","24","03/14/2024 12:00:00","Field_Specific_Conductance",5015,"umhos/cm",NA,NA,NA
"...111","MiamiBeach","26","03/14/2024 12:00:00","Field_Specific_Conductance",5002,"umhos/cm",NA,NA,NA
"...112","MiamiBeach","27","03/14/2024 12:00:00","Field_Specific_Conductance",4267,"umhos/cm",NA,NA,NA
"...113","MiamiBeach","28","03/14/2024 12:00:00","Field_Specific_Conductance",5008,"umhos/cm",NA,NA,NA
"...114","MiamiBeach","32","03/14/2024 12:00:00","Field_Specific_Conductance",5049,"umhos/cm",NA,NA,NA
"...115","MiamiBeach","33","03/14/2024 12:00:00","Field_Specific_Conductance",4911,"umhos/cm",NA,NA,NA
"...116","MiamiBeach","29","03/14/2024 12:00:00","Field_Specific_Conductance",5076,"umhos/cm",NA,NA,NA
"...117","MiamiBeach","30","03/14/2024 12:00:00","Field_Specific_Conductance",5067,"umhos/cm",NA,NA,NA
"...118","MiamiBeach","31","03/14/2024 12:00:00","Field_Specific_Conductance",5090,"umhos/cm",NA,NA,NA
"...119","MiamiBeach","34","03/14/2024 12:00:00","Field_Specific_Conductance",5127,"umhos/cm",NA,NA,NA
"...120","MiamiBeach","41","03/14/2024 12:00:00","Field_Specific_Conductance",5385,"umhos/cm",NA,NA,NA
"...121","MiamiBeach","40","03/14/2024 12:00:00","Field_Specific_Conductance",5387,"umhos/cm",NA,NA,NA
"...122","MiamiBeach","39","03/14/2024 12:00:00","Field_Specific_Conductance",5316,"umhos/cm",NA,NA,NA
"...123","MiamiBeach","38","03/14/2024 12:00:00","Field_Specific_Conductance",5244,"umhos/cm",NA,NA,NA
"...124","MiamiBeach","37","03/14/2024 12:00:00","Field_Specific_Conductance",5274,"umhos/cm",NA,NA,NA
"...125","MiamiBeach","36","03/14/2024 12:00:00","Field_Specific_Conductance",5271,"umhos/cm",NA,NA,NA
"...126","MiamiBeach","35","03/14/2024 12:00:00","Field_Specific_Conductance",5128,"umhos/cm",NA,NA,NA
"...127","MiamiBeach","3A","03/14/2024 12:00:00","Field_Specific_Conductance",4204,"umhos/cm",NA,NA,NA
"...128","MiamiBeach","25","04/10/2024 12:00:00","Field_Specific_Conductance",4914,"umhos/cm",NA,NA,NA
"...129","MiamiBeach","1","04/10/2024 12:00:00","Field_Specific_Conductance",4833,"umhos/cm",NA,NA,NA
"...130","MiamiBeach","2","04/10/2024 12:00:00","Field_Specific_Conductance",4693,"umhos/cm",NA,NA,NA
"...131","MiamiBeach","3B","04/10/2024 12:00:00","Field_Specific_Conductance",4710,"umhos/cm",NA,NA,NA
"...132","MiamiBeach","3","04/10/2024 12:00:00","Field_Specific_Conductance",4703,"umhos/cm",NA,NA,NA
"...133","MiamiBeach","3A","04/10/2024 12:00:00","Field_Specific_Conductance",4001,"umhos/cm",NA,NA,NA
"...134","MiamiBeach","4","04/10/2024 12:00:00","Field_Specific_Conductance",4696,"umhos/cm",NA,NA,NA
"...135","MiamiBeach","5","04/10/2024 12:00:00","Field_Specific_Conductance",4681,"umhos/cm",NA,NA,NA
"...136","MiamiBeach","6","04/10/2024 12:00:00","Field_Specific_Conductance",4714,"umhos/cm",NA,NA,NA
"...137","MiamiBeach","7","04/10/2024 12:00:00","Field_Specific_Conductance",4843,"umhos/cm",NA,NA,NA
"...138","MiamiBeach","8","04/10/2024 12:00:00","Field_Specific_Conductance",4932,"umhos/cm",NA,NA,NA
"...139","MiamiBeach","9","04/10/2024 12:00:00","Field_Specific_Conductance",5048,"umhos/cm",NA,NA,NA
"...140","MiamiBeach","10","04/10/2024 12:00:00","Field_Specific_Conductance",5083,"umhos/cm",NA,NA,NA
"...141","MiamiBeach","11","04/10/2024 12:00:00","Field_Specific_Conductance",5030,"umhos/cm",NA,NA,NA
"...142","MiamiBeach","12","04/10/2024 12:00:00","Field_Specific_Conductance",4837,"umhos/cm",NA,NA,NA
"...143","MiamiBeach","13","04/10/2024 12:00:00","Field_Specific_Conductance",4740,"umhos/cm",NA,NA,NA
"...144","MiamiBeach","14","04/10/2024 12:00:00","Field_Specific_Conductance",4707,"umhos/cm",NA,NA,NA
"...145","MiamiBeach","15","04/10/2024 12:00:00","Field_Specific_Conductance",4713,"umhos/cm",NA,NA,NA
"...146","MiamiBeach","16","04/10/2024 12:00:00","Field_Specific_Conductance",4646,"umhos/cm",NA,NA,NA
"...147","MiamiBeach","17","04/10/2024 12:00:00","Field_Specific_Conductance",4541,"umhos/cm",NA,NA,NA
"...148","MiamiBeach","18","04/10/2024 12:00:00","Field_Specific_Conductance",4665,"umhos/cm",NA,NA,NA
"...149","MiamiBeach","19","04/10/2024 12:00:00","Field_Specific_Conductance",4774,"umhos/cm",NA,NA,NA
"...150","MiamiBeach","20","04/10/2024 12:00:00","Field_Specific_Conductance",4832,"umhos/cm",NA,NA,NA
"...151","MiamiBeach","21","04/10/2024 12:00:00","Field_Specific_Conductance",4833,"umhos/cm",NA,NA,NA
"...152","MiamiBeach","22","04/10/2024 12:00:00","Field_Specific_Conductance",4876,"umhos/cm",NA,NA,NA
"...153","MiamiBeach","23","04/10/2024 12:00:00","Field_Specific_Conductance",4897,"umhos/cm",NA,NA,NA
"...154","MiamiBeach","24","04/10/2024 12:00:00","Field_Specific_Conductance",4925,"umhos/cm",NA,NA,NA
"...155","MiamiBeach","26","04/11/2024 12:00:00","Field_Specific_Conductance",4841,"umhos/cm",NA,NA,NA
"...156","MiamiBeach","27","04/11/2024 12:00:00","Field_Specific_Conductance",4860,"umhos/cm",NA,NA,NA
"...157","MiamiBeach","28","04/11/2024 12:00:00","Field_Specific_Conductance",4796,"umhos/cm",NA,NA,NA
"...158","MiamiBeach","32","04/11/2024 12:00:00","Field_Specific_Conductance",4767,"umhos/cm",NA,NA,NA
"...159","MiamiBeach","33","04/11/2024 12:00:00","Field_Specific_Conductance",4859,"umhos/cm",NA,NA,NA
"...160","MiamiBeach","29","04/11/2024 12:00:00","Field_Specific_Conductance",4862,"umhos/cm",NA,NA,NA
"...161","MiamiBeach","30","04/11/2024 12:00:00","Field_Specific_Conductance",4880,"umhos/cm",NA,NA,NA
"...162","MiamiBeach","31","04/11/2024 12:00:00","Field_Specific_Conductance",4874,"umhos/cm",NA,NA,NA
"...163","MiamiBeach","34","04/11/2024 12:00:00","Field_Specific_Conductance",4889,"umhos/cm",NA,NA,NA
"...164","MiamiBeach","41","04/11/2024 12:00:00","Field_Specific_Conductance",5122,"umhos/cm",NA,NA,NA
"...165","MiamiBeach","40","04/11/2024 12:00:00","Field_Specific_Conductance",5104,"umhos/cm",NA,NA,NA
"...166","MiamiBeach","39","04/11/2024 12:00:00","Field_Specific_Conductance",5036,"umhos/cm",NA,NA,NA
"...167","MiamiBeach","38","04/11/2024 12:00:00","Field_Specific_Conductance",5007,"umhos/cm",NA,NA,NA
"...168","MiamiBeach","37","04/11/2024 12:00:00","Field_Specific_Conductance",4856,"umhos/cm",NA,NA,NA
"...169","MiamiBeach","36","04/11/2024 12:00:00","Field_Specific_Conductance",4971,"umhos/cm",NA,NA,NA
"...170","MiamiBeach","35","04/11/2024 12:00:00","Field_Specific_Conductance",4994,"umhos/cm",NA,NA,NA
"...171","MiamiBeach","1","05/14/2024 12:00:00","Field_Specific_Conductance",5119,"umhos/cm",NA,NA,NA
"...172","MiamiBeach","2","05/14/2024 12:00:00","Field_Specific_Conductance",5117,"umhos/cm",NA,NA,NA
"...173","MiamiBeach","3B","05/14/2024 12:00:00","Field_Specific_Conductance",5143,"umhos/cm",NA,NA,NA
"...174","MiamiBeach","3","05/14/2024 12:00:00","Field_Specific_Conductance",4882,"umhos/cm",NA,NA,NA
"...175","MiamiBeach","3A","05/14/2024 12:00:00","Field_Specific_Conductance",3171,"umhos/cm",NA,NA,NA
"...176","MiamiBeach","4","05/14/2024 12:00:00","Field_Specific_Conductance",5124,"umhos/cm",NA,NA,NA
"...177","MiamiBeach","5","05/14/2024 12:00:00","Field_Specific_Conductance",5125,"umhos/cm",NA,NA,NA
"...178","MiamiBeach","6","05/14/2024 12:00:00","Field_Specific_Conductance",5096,"umhos/cm",NA,NA,NA
"...179","MiamiBeach","7","05/14/2024 12:00:00","Field_Specific_Conductance",5159,"umhos/cm",NA,NA,NA
"...180","MiamiBeach","8","05/14/2024 12:00:00","Field_Specific_Conductance",5099,"umhos/cm",NA,NA,NA
"...181","MiamiBeach","9","05/14/2024 12:00:00","Field_Specific_Conductance",5241,"umhos/cm",NA,NA,NA
"...182","MiamiBeach","10","05/14/2024 12:00:00","Field_Specific_Conductance",5275,"umhos/cm",NA,NA,NA
"...183","MiamiBeach","11","05/14/2024 12:00:00","Field_Specific_Conductance",5249,"umhos/cm",NA,NA,NA
"...184","MiamiBeach","12","05/14/2024 12:00:00","Field_Specific_Conductance",5151,"umhos/cm",NA,NA,NA
"...185","MiamiBeach","13","05/14/2024 12:00:00","Field_Specific_Conductance",5092,"umhos/cm",NA,NA,NA
"...186","MiamiBeach","14","05/14/2024 12:00:00","Field_Specific_Conductance",5163,"umhos/cm",NA,NA,NA
"...187","MiamiBeach","15","05/14/2024 12:00:00","Field_Specific_Conductance",5124,"umhos/cm",NA,NA,NA
"...188","MiamiBeach","16","05/14/2024 12:00:00","Field_Specific_Conductance",5079,"umhos/cm",NA,NA,NA
"...189","MiamiBeach","17","05/14/2024 12:00:00","Field_Specific_Conductance",5057,"umhos/cm",NA,NA,NA
"...190","MiamiBeach","18","05/14/2024 12:00:00","Field_Specific_Conductance",5050,"umhos/cm",NA,NA,NA
"...191","MiamiBeach","19","05/14/2024 12:00:00","Field_Specific_Conductance",4957,"umhos/cm",NA,NA,NA
"...192","MiamiBeach","20","05/14/2024 12:00:00","Field_Specific_Conductance",5122,"umhos/cm",NA,NA,NA
"...193","MiamiBeach","21","05/14/2024 12:00:00","Field_Specific_Conductance",5085,"umhos/cm",NA,NA,NA
"...194","MiamiBeach","22","05/14/2024 12:00:00","Field_Specific_Conductance",5134,"umhos/cm",NA,NA,NA
"...195","MiamiBeach","23","05/14/2024 12:00:00","Field_Specific_Conductance",5148,"umhos/cm",NA,NA,NA
"...196","MiamiBeach","24","05/14/2024 12:00:00","Field_Specific_Conductance",5158,"umhos/cm",NA,NA,NA
"...197","MiamiBeach","25","05/14/2024 12:00:00","Field_Specific_Conductance",5189,"umhos/cm",NA,NA,NA
"...198","MiamiBeach","26","05/16/2024 12:00:00","Field_Specific_Conductance",5702,"umhos/cm",NA,NA,NA
"...199","MiamiBeach","27","05/16/2024 12:00:00","Field_Specific_Conductance",5094,"umhos/cm",NA,NA,NA
"...200","MiamiBeach","28","05/16/2024 12:00:00","Field_Specific_Conductance",5090,"umhos/cm",NA,NA,NA
"...201","MiamiBeach","32","05/16/2024 12:00:00","Field_Specific_Conductance",5105,"umhos/cm",NA,NA,NA
"...202","MiamiBeach","33","05/16/2024 12:00:00","Field_Specific_Conductance",5091,"umhos/cm",NA,NA,NA
"...203","MiamiBeach","29","05/16/2024 12:00:00","Field_Specific_Conductance",5093,"umhos/cm",NA,NA,NA
"...204","MiamiBeach","30","05/16/2024 12:00:00","Field_Specific_Conductance",5125,"umhos/cm",NA,NA,NA
"...205","MiamiBeach","31","05/16/2024 12:00:00","Field_Specific_Conductance",5149,"umhos/cm",NA,NA,NA
"...206","MiamiBeach","34","05/16/2024 12:00:00","Field_Specific_Conductance",5156,"umhos/cm",NA,NA,NA
"...207","MiamiBeach","41","05/16/2024 12:00:00","Field_Specific_Conductance",5221,"umhos/cm",NA,NA,NA
"...208","MiamiBeach","40","05/16/2024 12:00:00","Field_Specific_Conductance",5223,"umhos/cm",NA,NA,NA
"...209","MiamiBeach","39","05/16/2024 12:00:00","Field_Specific_Conductance",5173,"umhos/cm",NA,NA,NA
"...210","MiamiBeach","38","05/16/2024 12:00:00","Field_Specific_Conductance",5197,"umhos/cm",NA,NA,NA
"...211","MiamiBeach","37","05/16/2024 12:00:00","Field_Specific_Conductance",5138,"umhos/cm",NA,NA,NA
"...212","MiamiBeach","36","05/16/2024 12:00:00","Field_Specific_Conductance",5159,"umhos/cm",NA,NA,NA
"...213","MiamiBeach","35","05/16/2024 12:00:00","Field_Specific_Conductance",5045,"umhos/cm",NA,NA,NA
"...214","MiamiBeach","1","06/18/2024 12:00:00","Field_Specific_Conductance",35836,"umhos/cm",NA,NA,NA
"...215","MiamiBeach","2","06/18/2024 12:00:00","Field_Specific_Conductance",35044,"umhos/cm",NA,NA,NA
"...216","MiamiBeach","3B","06/18/2024 12:00:00","Field_Specific_Conductance",35269,"umhos/cm",NA,NA,NA
"...217","MiamiBeach","3","06/18/2024 12:00:00","Field_Specific_Conductance",34563,"umhos/cm",NA,NA,NA
"...218","MiamiBeach","3A","06/18/2024 12:00:00","Field_Specific_Conductance",12369,"umhos/cm",NA,NA,NA
"...219","MiamiBeach","4","06/18/2024 12:00:00","Field_Specific_Conductance",337.8,"umhos/cm",NA,NA,NA
"...220","MiamiBeach","5","06/18/2024 12:00:00","Field_Specific_Conductance",38085,"umhos/cm",NA,NA,NA
"...221","MiamiBeach","6","06/18/2024 12:00:00","Field_Specific_Conductance",29284,"umhos/cm",NA,NA,NA
"...222","MiamiBeach","7","06/18/2024 12:00:00","Field_Specific_Conductance",31444,"umhos/cm",NA,NA,NA
"...223","MiamiBeach","8","06/18/2024 12:00:00","Field_Specific_Conductance",31453,"umhos/cm",NA,NA,NA
"...224","MiamiBeach","9","06/18/2024 12:00:00","Field_Specific_Conductance",35075,"umhos/cm",NA,NA,NA
"...225","MiamiBeach","10","06/18/2024 12:00:00","Field_Specific_Conductance",37779,"umhos/cm",NA,NA,NA
"...226","MiamiBeach","11","06/18/2024 12:00:00","Field_Specific_Conductance",33741,"umhos/cm",NA,NA,NA
"...227","MiamiBeach","12","06/18/2024 12:00:00","Field_Specific_Conductance",29849,"umhos/cm",NA,NA,NA
"...228","MiamiBeach","13","06/18/2024 12:00:00","Field_Specific_Conductance",30828,"umhos/cm",NA,NA,NA
"...229","MiamiBeach","14","06/18/2024 12:00:00","Field_Specific_Conductance",32895,"umhos/cm",NA,NA,NA
"...230","MiamiBeach","15","06/18/2024 12:00:00","Field_Specific_Conductance",32433,"umhos/cm",NA,NA,NA
"...231","MiamiBeach","16","06/18/2024 12:00:00","Field_Specific_Conductance",33163,"umhos/cm",NA,NA,NA
"...232","MiamiBeach","17","06/18/2024 12:00:00","Field_Specific_Conductance",32163,"umhos/cm",NA,NA,NA
"...233","MiamiBeach","18","06/18/2024 12:00:00","Field_Specific_Conductance",31973,"umhos/cm",NA,NA,NA
"...234","MiamiBeach","19","06/18/2024 12:00:00","Field_Specific_Conductance",32725,"umhos/cm",NA,NA,NA
"...235","MiamiBeach","20","06/18/2024 12:00:00","Field_Specific_Conductance",34968,"umhos/cm",NA,NA,NA
"...236","MiamiBeach","21","06/18/2024 12:00:00","Field_Specific_Conductance",34794,"umhos/cm",NA,NA,NA
"...237","MiamiBeach","22","06/18/2024 12:00:00","Field_Specific_Conductance",36307,"umhos/cm",NA,NA,NA
"...238","MiamiBeach","23","06/18/2024 12:00:00","Field_Specific_Conductance",36998,"umhos/cm",NA,NA,NA
"...239","MiamiBeach","24","06/18/2024 12:00:00","Field_Specific_Conductance",37498,"umhos/cm",NA,NA,NA
"...240","MiamiBeach","26","06/20/2024 12:00:00","Field_Specific_Conductance",3710,"umhos/cm",NA,NA,NA
"...241","MiamiBeach","27","06/20/2024 12:00:00","Field_Specific_Conductance",3524,"umhos/cm",NA,NA,NA
"...242","MiamiBeach","28","06/20/2024 12:00:00","Field_Specific_Conductance",3538,"umhos/cm",NA,NA,NA
"...243","MiamiBeach","32","06/20/2024 12:00:00","Field_Specific_Conductance",3606,"umhos/cm",NA,NA,NA
"...244","MiamiBeach","33","06/20/2024 12:00:00","Field_Specific_Conductance",3651,"umhos/cm",NA,NA,NA
"...245","MiamiBeach","29","06/20/2024 12:00:00","Field_Specific_Conductance",3724,"umhos/cm",NA,NA,NA
"...246","MiamiBeach","30","06/20/2024 12:00:00","Field_Specific_Conductance",3750,"umhos/cm",NA,NA,NA
"...247","MiamiBeach","34","06/20/2024 12:00:00","Field_Specific_Conductance",3899,"umhos/cm",NA,NA,NA
"...248","MiamiBeach","41","06/20/2024 12:00:00","Field_Specific_Conductance",4379,"umhos/cm",NA,NA,NA
"...249","MiamiBeach","40","06/20/2024 12:00:00","Field_Specific_Conductance",4327,"umhos/cm",NA,NA,NA
"...250","MiamiBeach","39","06/20/2024 12:00:00","Field_Specific_Conductance",4087,"umhos/cm",NA,NA,NA
"...251","MiamiBeach","38","06/20/2024 12:00:00","Field_Specific_Conductance",4070,"umhos/cm",NA,NA,NA
"...252","MiamiBeach","37","06/20/2024 12:00:00","Field_Specific_Conductance",3963,"umhos/cm",NA,NA,NA
"...253","MiamiBeach","36","06/20/2024 12:00:00","Field_Specific_Conductance",3896,"umhos/cm",NA,NA,NA
"...254","MiamiBeach","31","06/20/2024 12:00:00","Field_Specific_Conductance",3804,"umhos/cm",NA,NA,NA
"...255","MiamiBeach","35","06/20/2024 12:00:00","Field_Specific_Conductance",3802,"umhos/cm",NA,NA,NA
"...256","MiamiBeach","1","07/17/2024 12:00:00","Field_Specific_Conductance",4605,"umhos/cm",NA,NA,NA
"...257","MiamiBeach","2","07/17/2024 12:00:00","Field_Specific_Conductance",4597,"umhos/cm",NA,NA,NA
"...258","MiamiBeach","3B","07/17/2024 12:00:00","Field_Specific_Conductance",4637,"umhos/cm",NA,NA,NA
"...259","MiamiBeach","3","07/17/2024 12:00:00","Field_Specific_Conductance",4591,"umhos/cm",NA,NA,NA
"...260","MiamiBeach","3A","07/17/2024 12:00:00","Field_Specific_Conductance",2317,"umhos/cm",NA,NA,NA
"...261","MiamiBeach","4","07/17/2024 12:00:00","Field_Specific_Conductance",4547,"umhos/cm",NA,NA,NA
"...262","MiamiBeach","5","07/17/2024 12:00:00","Field_Specific_Conductance",4437,"umhos/cm",NA,NA,NA
"...263","MiamiBeach","6","07/17/2024 12:00:00","Field_Specific_Conductance",4603,"umhos/cm",NA,NA,NA
"...264","MiamiBeach","7","07/17/2024 12:00:00","Field_Specific_Conductance",4657,"umhos/cm",NA,NA,NA
"...265","MiamiBeach","8","07/17/2024 12:00:00","Field_Specific_Conductance",4641,"umhos/cm",NA,NA,NA
"...266","MiamiBeach","9","07/17/2024 12:00:00","Field_Specific_Conductance",4930,"umhos/cm",NA,NA,NA
"...267","MiamiBeach","10","07/17/2024 12:00:00","Field_Specific_Conductance",4960,"umhos/cm",NA,NA,NA
"...268","MiamiBeach","11","07/17/2024 12:00:00","Field_Specific_Conductance",4896,"umhos/cm",NA,NA,NA
"...269","MiamiBeach","12","07/17/2024 12:00:00","Field_Specific_Conductance",4682,"umhos/cm",NA,NA,NA
"...270","MiamiBeach","13","07/17/2024 12:00:00","Field_Specific_Conductance",4626,"umhos/cm",NA,NA,NA
"...271","MiamiBeach","14","07/17/2024 12:00:00","Field_Specific_Conductance",4597,"umhos/cm",NA,NA,NA
"...272","MiamiBeach","15","07/17/2024 12:00:00","Field_Specific_Conductance",4578,"umhos/cm",NA,NA,NA
"...273","MiamiBeach","16","07/17/2024 12:00:00","Field_Specific_Conductance",4506,"umhos/cm",NA,NA,NA
"...274","MiamiBeach","17","07/17/2024 12:00:00","Field_Specific_Conductance",4513,"umhos/cm",NA,NA,NA
"...275","MiamiBeach","18","07/17/2024 12:00:00","Field_Specific_Conductance",4394,"umhos/cm",NA,NA,NA
"...276","MiamiBeach","19","07/17/2024 12:00:00","Field_Specific_Conductance",4436,"umhos/cm",NA,NA,NA
"...277","MiamiBeach","20","07/17/2024 12:00:00","Field_Specific_Conductance",4611,"umhos/cm",NA,NA,NA
"...278","MiamiBeach","21","07/17/2024 12:00:00","Field_Specific_Conductance",4627,"umhos/cm",NA,NA,NA
"...279","MiamiBeach","22","07/17/2024 12:00:00","Field_Specific_Conductance",4628,"umhos/cm",NA,NA,NA
"...280","MiamiBeach","23","07/17/2024 12:00:00","Field_Specific_Conductance",4663,"umhos/cm",NA,NA,NA
"...281","MiamiBeach","24","07/17/2024 12:00:00","Field_Specific_Conductance",4659,"umhos/cm",NA,NA,NA
"...282","MiamiBeach","25","07/17/2024 12:00:00","Field_Specific_Conductance",4664,"umhos/cm",NA,NA,NA
"...283","MiamiBeach","26","07/18/2024 12:00:00","Field_Specific_Conductance",4554,"umhos/cm",NA,NA,NA
"...284","MiamiBeach","27","07/18/2024 12:00:00","Field_Specific_Conductance",4641,"umhos/cm",NA,NA,NA
"...285","MiamiBeach","28","07/18/2024 12:00:00","Field_Specific_Conductance",4479,"umhos/cm",NA,NA,NA
"...286","MiamiBeach","32","07/18/2024 12:00:00","Field_Specific_Conductance",4663,"umhos/cm",NA,NA,NA
"...287","MiamiBeach","33","07/18/2024 12:00:00","Field_Specific_Conductance",4679,"umhos/cm",NA,NA,NA
"...288","MiamiBeach","29","07/18/2024 12:00:00","Field_Specific_Conductance",4636,"umhos/cm",NA,NA,NA
"...289","MiamiBeach","30","07/18/2024 12:00:00","Field_Specific_Conductance",4660,"umhos/cm",NA,NA,NA
"...290","MiamiBeach","31","07/18/2024 12:00:00","Field_Specific_Conductance",4699,"umhos/cm",NA,NA,NA
"...291","MiamiBeach","34","07/18/2024 12:00:00","Field_Specific_Conductance",4696,"umhos/cm",NA,NA,NA
"...292","MiamiBeach","41","07/18/2024 12:00:00","Field_Specific_Conductance",4965,"umhos/cm",NA,NA,NA
"...293","MiamiBeach","40","07/18/2024 12:00:00","Field_Specific_Conductance",4921,"umhos/cm",NA,NA,NA
"...294","MiamiBeach","39","07/18/2024 12:00:00","Field_Specific_Conductance",4832,"umhos/cm",NA,NA,NA
"...295","MiamiBeach","38","07/18/2024 12:00:00","Field_Specific_Conductance",4822,"umhos/cm",NA,NA,NA
"...296","MiamiBeach","37","07/18/2024 12:00:00","Field_Specific_Conductance",4810,"umhos/cm",NA,NA,NA
"...297","MiamiBeach","36","07/18/2024 12:00:00","Field_Specific_Conductance",4572,"umhos/cm",NA,NA,NA
"...298","MiamiBeach","35","07/18/2024 12:00:00","Field_Specific_Conductance",4573,"umhos/cm",NA,NA,NA
"...299","MiamiBeach","1","08/15/2024 12:00:00","Field_Specific_Conductance",4259,"umhos/cm",NA,NA,NA
"...300","MiamiBeach","2","08/15/2024 12:00:00","Field_Specific_Conductance",4234,"umhos/cm",NA,NA,NA
"...301","MiamiBeach","3B","08/15/2024 12:00:00","Field_Specific_Conductance",4548,"umhos/cm",NA,NA,NA
"...302","MiamiBeach","3","08/15/2024 12:00:00","Field_Specific_Conductance",4510,"umhos/cm",NA,NA,NA
"...303","MiamiBeach","3A","08/15/2024 12:00:00","Field_Specific_Conductance",3551,"umhos/cm",NA,NA,NA
"...304","MiamiBeach","4","08/15/2024 12:00:00","Field_Specific_Conductance",4547,"umhos/cm",NA,NA,NA
"...305","MiamiBeach","5","08/15/2024 12:00:00","Field_Specific_Conductance",4343,"umhos/cm",NA,NA,NA
"...306","MiamiBeach","6","08/15/2024 12:00:00","Field_Specific_Conductance",4586,"umhos/cm",NA,NA,NA
"...307","MiamiBeach","7","08/15/2024 12:00:00","Field_Specific_Conductance",4428,"umhos/cm",NA,NA,NA
"...308","MiamiBeach","8","08/15/2024 12:00:00","Field_Specific_Conductance",4489,"umhos/cm",NA,NA,NA
"...309","MiamiBeach","9","08/15/2024 12:00:00","Field_Specific_Conductance",4381,"umhos/cm",NA,NA,NA
"...310","MiamiBeach","10","08/15/2024 12:00:00","Field_Specific_Conductance",4441,"umhos/cm",NA,NA,NA
"...311","MiamiBeach","11","08/15/2024 12:00:00","Field_Specific_Conductance",4422,"umhos/cm",NA,NA,NA
"...312","MiamiBeach","12","08/15/2024 12:00:00","Field_Specific_Conductance",4588,"umhos/cm",NA,NA,NA
"...313","MiamiBeach","13","08/15/2024 12:00:00","Field_Specific_Conductance",4602,"umhos/cm",NA,NA,NA
"...314","MiamiBeach","14","08/15/2024 12:00:00","Field_Specific_Conductance",4590,"umhos/cm",NA,NA,NA
"...315","MiamiBeach","15","08/15/2024 12:00:00","Field_Specific_Conductance",4561,"umhos/cm",NA,NA,NA
"...316","MiamiBeach","16","08/15/2024 12:00:00","Field_Specific_Conductance",4514,"umhos/cm",NA,NA,NA
"...317","MiamiBeach","17","08/15/2024 12:00:00","Field_Specific_Conductance",4476,"umhos/cm",NA,NA,NA
"...318","MiamiBeach","18","08/15/2024 12:00:00","Field_Specific_Conductance",4521,"umhos/cm",NA,NA,NA
"...319","MiamiBeach","19","08/15/2024 12:00:00","Field_Specific_Conductance",4488,"umhos/cm",NA,NA,NA
"...320","MiamiBeach","20","08/15/2024 12:00:00","Field_Specific_Conductance",4495,"umhos/cm",NA,NA,NA
"...321","MiamiBeach","21","08/15/2024 12:00:00","Field_Specific_Conductance",4508,"umhos/cm",NA,NA,NA
"...322","MiamiBeach","22","08/15/2024 12:00:00","Field_Specific_Conductance",4597,"umhos/cm",NA,NA,NA
"...323","MiamiBeach","23","08/15/2024 12:00:00","Field_Specific_Conductance",4657,"umhos/cm",NA,NA,NA
"...324","MiamiBeach","24","08/15/2024 12:00:00","Field_Specific_Conductance",4643,"umhos/cm",NA,NA,NA
"...325","MiamiBeach","25","08/15/2024 12:00:00","Field_Specific_Conductance",4696,"umhos/cm",NA,NA,NA
"...326","MiamiBeach","26","08/16/2024 12:00:00","Field_Specific_Conductance",4606,"umhos/cm",NA,NA,NA
"...327","MiamiBeach","27","08/16/2024 12:00:00","Field_Specific_Conductance",4698,"umhos/cm",NA,NA,NA
"...328","MiamiBeach","28","08/16/2024 12:00:00","Field_Specific_Conductance",4688,"umhos/cm",NA,NA,NA
"...329","MiamiBeach","33","08/16/2024 12:00:00","Field_Specific_Conductance",4742,"umhos/cm",NA,NA,NA
"...330","MiamiBeach","32","08/16/2024 12:00:00","Field_Specific_Conductance",4272,"umhos/cm",NA,NA,NA
"...331","MiamiBeach","29","08/16/2024 12:00:00","Field_Specific_Conductance",4721,"umhos/cm",NA,NA,NA
"...332","MiamiBeach","30","08/16/2024 12:00:00","Field_Specific_Conductance",4720,"umhos/cm",NA,NA,NA
"...333","MiamiBeach","31","08/16/2024 12:00:00","Field_Specific_Conductance",4737,"umhos/cm",NA,NA,NA
"...334","MiamiBeach","34","08/16/2024 12:00:00","Field_Specific_Conductance",4774,"umhos/cm",NA,NA,NA
"...335","MiamiBeach","41","08/16/2024 12:00:00","Field_Specific_Conductance",5039,"umhos/cm",NA,NA,NA
"...336","MiamiBeach","40","08/16/2024 12:00:00","Field_Specific_Conductance",4984,"umhos/cm",NA,NA,NA
"...337","MiamiBeach","39","08/16/2024 12:00:00","Field_Specific_Conductance",4872,"umhos/cm",NA,NA,NA
"...338","MiamiBeach","38","08/16/2024 12:00:00","Field_Specific_Conductance",4847,"umhos/cm",NA,NA,NA
"...339","MiamiBeach","37","08/16/2024 12:00:00","Field_Specific_Conductance",4811,"umhos/cm",NA,NA,NA
"...340","MiamiBeach","36","08/16/2024 12:00:00","Field_Specific_Conductance",4360,"umhos/cm",NA,NA,NA
"...341","MiamiBeach","35","08/16/2024 12:00:00","Field_Specific_Conductance",4477,"umhos/cm",NA,NA,NA
"...342","MiamiBeach","1","09/18/2024 12:00:00","Field_Specific_Conductance",4347,"umhos/cm",NA,NA,NA
"...343","MiamiBeach","2","09/18/2024 12:00:00","Field_Specific_Conductance",4232,"umhos/cm",NA,NA,NA
"...344","MiamiBeach","3","09/18/2024 12:00:00","Field_Specific_Conductance",4182,"umhos/cm",NA,NA,NA
"...345","MiamiBeach","3A","09/18/2024 12:00:00","Field_Specific_Conductance",1689,"umhos/cm",NA,NA,NA
"...346","MiamiBeach","3B","09/18/2024 12:00:00","Field_Specific_Conductance",4162,"umhos/cm",NA,NA,NA
"...347","MiamiBeach","4","09/18/2024 12:00:00","Field_Specific_Conductance",3956,"umhos/cm",NA,NA,NA
"...348","MiamiBeach","5","09/18/2024 12:00:00","Field_Specific_Conductance",4030,"umhos/cm",NA,NA,NA
"...349","MiamiBeach","6","09/18/2024 12:00:00","Field_Specific_Conductance",3766,"umhos/cm",NA,NA,NA
"...350","MiamiBeach","7","09/18/2024 12:00:00","Field_Specific_Conductance",3859,"umhos/cm",NA,NA,NA
"...351","MiamiBeach","8","09/18/2024 12:00:00","Field_Specific_Conductance",3742,"umhos/cm",NA,NA,NA
"...352","MiamiBeach","9","09/18/2024 12:00:00","Field_Specific_Conductance",3755,"umhos/cm",NA,NA,NA
"...353","MiamiBeach","10","09/18/2024 12:00:00","Field_Specific_Conductance",3752,"umhos/cm",NA,NA,NA
"...354","MiamiBeach","11","09/18/2024 12:00:00","Field_Specific_Conductance",3700,"umhos/cm",NA,NA,NA
"...355","MiamiBeach","13","09/18/2024 12:00:00","Field_Specific_Conductance",4007,"umhos/cm",NA,NA,NA
"...356","MiamiBeach","14","09/18/2024 12:00:00","Field_Specific_Conductance",4079,"umhos/cm",NA,NA,NA
"...357","MiamiBeach","15","09/18/2024 12:00:00","Field_Specific_Conductance",4138,"umhos/cm",NA,NA,NA
"...358","MiamiBeach","16","09/18/2024 12:00:00","Field_Specific_Conductance",4151,"umhos/cm",NA,NA,NA
"...359","MiamiBeach","17","09/18/2024 12:00:00","Field_Specific_Conductance",4060,"umhos/cm",NA,NA,NA
"...360","MiamiBeach","18","09/18/2024 12:00:00","Field_Specific_Conductance",4115,"umhos/cm",NA,NA,NA
"...361","MiamiBeach","19","09/18/2024 12:00:00","Field_Specific_Conductance",4216,"umhos/cm",NA,NA,NA
"...362","MiamiBeach","20","09/18/2024 12:00:00","Field_Specific_Conductance",4304,"umhos/cm",NA,NA,NA
"...363","MiamiBeach","21","09/18/2024 12:00:00","Field_Specific_Conductance",4274,"umhos/cm",NA,NA,NA
"...364","MiamiBeach","22","09/18/2024 12:00:00","Field_Specific_Conductance",4303,"umhos/cm",NA,NA,NA
"...365","MiamiBeach","23","09/18/2024 12:00:00","Field_Specific_Conductance",4431,"umhos/cm",NA,NA,NA
"...366","MiamiBeach","24","09/18/2024 12:00:00","Field_Specific_Conductance",4472,"umhos/cm",NA,NA,NA
"...367","MiamiBeach","25","09/18/2024 12:00:00","Field_Specific_Conductance",4765,"umhos/cm",NA,NA,NA
"...368","MiamiBeach","26","09/19/2024 12:00:00","Field_Specific_Conductance",4657,"umhos/cm",NA,NA,NA
"...369","MiamiBeach","27","09/19/2024 12:00:00","Field_Specific_Conductance",4587,"umhos/cm",NA,NA,NA
"...370","MiamiBeach","28","09/19/2024 12:00:00","Field_Specific_Conductance",4584,"umhos/cm",NA,NA,NA
"...371","MiamiBeach","32","09/19/2024 12:00:00","Field_Specific_Conductance",4582,"umhos/cm",NA,NA,NA
"...372","MiamiBeach","33","09/19/2024 12:00:00","Field_Specific_Conductance",4701,"umhos/cm",NA,NA,NA
"...373","MiamiBeach","29","09/19/2024 12:00:00","Field_Specific_Conductance",4599,"umhos/cm",NA,NA,NA
"...374","MiamiBeach","30","09/19/2024 12:00:00","Field_Specific_Conductance",5067,"umhos/cm",NA,NA,NA
"...375","MiamiBeach","31","09/19/2024 12:00:00","Field_Specific_Conductance",4950,"umhos/cm",NA,NA,NA
"...376","MiamiBeach","34","09/19/2024 12:00:00","Field_Specific_Conductance",4940,"umhos/cm",NA,NA,NA
"...377","MiamiBeach","41","09/19/2024 12:00:00","Field_Specific_Conductance",5282,"umhos/cm",NA,NA,NA
"...378","MiamiBeach","40","09/19/2024 12:00:00","Field_Specific_Conductance",5293,"umhos/cm",NA,NA,NA
"...379","MiamiBeach","39","09/19/2024 12:00:00","Field_Specific_Conductance",5303,"umhos/cm",NA,NA,NA
"...380","MiamiBeach","38","09/19/2024 12:00:00","Field_Specific_Conductance",5269,"umhos/cm",NA,NA,NA
"...381","MiamiBeach","37","09/19/2024 12:00:00","Field_Specific_Conductance",5151,"umhos/cm",NA,NA,NA
"...382","MiamiBeach","36","09/19/2024 12:00:00","Field_Specific_Conductance",5011,"umhos/cm",NA,NA,NA
"...383","MiamiBeach","35","09/19/2024 12:00:00","Field_Specific_Conductance",5251,"umhos/cm",NA,NA,NA
"...384","MiamiBeach","12","09/19/2024 12:00:00","Field_Specific_Conductance",4084,"umhos/cm",NA,NA,NA
"...385","MiamiBeach","1","10/22/2024 12:00:00","Field_Specific_Conductance",4632,"umhos/cm",NA,NA,NA
"...386","MiamiBeach","2","10/22/2024 12:00:00","Field_Specific_Conductance",4547,"umhos/cm",NA,NA,NA
"...387","MiamiBeach","3B","10/22/2024 12:00:00","Field_Specific_Conductance",4678,"umhos/cm",NA,NA,NA
"...388","MiamiBeach","3","10/22/2024 12:00:00","Field_Specific_Conductance",4685,"umhos/cm",NA,NA,NA
"...389","MiamiBeach","3A","10/22/2024 12:00:00","Field_Specific_Conductance",3108,"umhos/cm",NA,NA,NA
"...390","MiamiBeach","4","10/22/2024 12:00:00","Field_Specific_Conductance",4726,"umhos/cm",NA,NA,NA
"...391","MiamiBeach","5","10/22/2024 12:00:00","Field_Specific_Conductance",4912,"umhos/cm",NA,NA,NA
"...392","MiamiBeach","6","10/22/2024 12:00:00","Field_Specific_Conductance",4865,"umhos/cm",NA,NA,NA
"...393","MiamiBeach","7","10/22/2024 12:00:00","Field_Specific_Conductance",4898,"umhos/cm",NA,NA,NA
"...394","MiamiBeach","8","10/22/2024 12:00:00","Field_Specific_Conductance",4845,"umhos/cm",NA,NA,NA
"...395","MiamiBeach","9","10/22/2024 12:00:00","Field_Specific_Conductance",4986,"umhos/cm",NA,NA,NA
"...396","MiamiBeach","10","10/22/2024 12:00:00","Field_Specific_Conductance",4989,"umhos/cm",NA,NA,NA
"...397","MiamiBeach","11","10/22/2024 12:00:00","Field_Specific_Conductance",4872,"umhos/cm",NA,NA,NA
"...398","MiamiBeach","12","10/22/2024 12:00:00","Field_Specific_Conductance",4691,"umhos/cm",NA,NA,NA
"...399","MiamiBeach","13","10/22/2024 12:00:00","Field_Specific_Conductance",4788,"umhos/cm",NA,NA,NA
"...400","MiamiBeach","14","10/22/2024 12:00:00","Field_Specific_Conductance",4546,"umhos/cm",NA,NA,NA
"...401","MiamiBeach","15","10/22/2024 12:00:00","Field_Specific_Conductance",4509,"umhos/cm",NA,NA,NA
"...402","MiamiBeach","16","10/22/2024 12:00:00","Field_Specific_Conductance",4407,"umhos/cm",NA,NA,NA
"...403","MiamiBeach","17","10/22/2024 12:00:00","Field_Specific_Conductance",4364,"umhos/cm",NA,NA,NA
"...404","MiamiBeach","18","10/22/2024 12:00:00","Field_Specific_Conductance",4336,"umhos/cm",NA,NA,NA
"...405","MiamiBeach","19","10/22/2024 12:00:00","Field_Specific_Conductance",4431,"umhos/cm",NA,NA,NA
"...406","MiamiBeach","20","10/22/2024 12:00:00","Field_Specific_Conductance",4579,"umhos/cm",NA,NA,NA
"...407","MiamiBeach","21","10/22/2024 12:00:00","Field_Specific_Conductance",4661,"umhos/cm",NA,NA,NA
"...408","MiamiBeach","22","10/22/2024 12:00:00","Field_Specific_Conductance",4673,"umhos/cm",NA,NA,NA
"...409","MiamiBeach","23","10/22/2024 12:00:00","Field_Specific_Conductance",4687,"umhos/cm",NA,NA,NA
"...410","MiamiBeach","24","10/22/2024 12:00:00","Field_Specific_Conductance",4761,"umhos/cm",NA,NA,NA
"...411","MiamiBeach","25","10/22/2024 12:00:00","Field_Specific_Conductance",4968,"umhos/cm",NA,NA,NA
"...412","MiamiBeach","26","10/23/2024 12:00:00","Field_Specific_Conductance",4586,"umhos/cm",NA,NA,NA
"...413","MiamiBeach","27","10/23/2024 12:00:00","Field_Specific_Conductance",4500,"umhos/cm",NA,NA,NA
"...414","MiamiBeach","28","10/23/2024 12:00:00","Field_Specific_Conductance",4480,"umhos/cm",NA,NA,NA
"...415","MiamiBeach","32","10/23/2024 12:00:00","Field_Specific_Conductance",4607,"umhos/cm",NA,NA,NA
"...416","MiamiBeach","33","10/23/2024 12:00:00","Field_Specific_Conductance",4677,"umhos/cm",NA,NA,NA
"...417","MiamiBeach","29","10/23/2024 12:00:00","Field_Specific_Conductance",4591,"umhos/cm",NA,NA,NA
"...418","MiamiBeach","30","10/23/2024 12:00:00","Field_Specific_Conductance",4658,"umhos/cm",NA,NA,NA
"...419","MiamiBeach","31","10/23/2024 12:00:00","Field_Specific_Conductance",4720,"umhos/cm",NA,NA,NA
"...420","MiamiBeach","34","10/23/2024 12:00:00","Field_Specific_Conductance",4676,"umhos/cm",NA,NA,NA
"...421","MiamiBeach","41","10/23/2024 12:00:00","Field_Specific_Conductance",4900,"umhos/cm",NA,NA,NA
"...422","MiamiBeach","40","10/23/2024 12:00:00","Field_Specific_Conductance",4948,"umhos/cm",NA,NA,NA
"...423","MiamiBeach","39","10/23/2024 12:00:00","Field_Specific_Conductance",4940,"umhos/cm",NA,NA,NA
"...424","MiamiBeach","38","10/23/2024 12:00:00","Field_Specific_Conductance",4930,"umhos/cm",NA,NA,NA
"...425","MiamiBeach","37","10/23/2024 12:00:00","Field_Specific_Conductance",4768,"umhos/cm",NA,NA,NA
"...426","MiamiBeach","36","10/23/2024 12:00:00","Field_Specific_Conductance",4763,"umhos/cm",NA,NA,NA
"...427","MiamiBeach","35","10/23/2024 12:00:00","Field_Specific_Conductance",4771,"umhos/cm",NA,NA,NA
"...428","MiamiBeach","26","11/19/2024 12:00:00","Field_Specific_Conductance",48911,"umhos/cm",NA,NA,NA
"...429","MiamiBeach","27","11/19/2024 12:00:00","Field_Specific_Conductance",48648,"umhos/cm",NA,NA,NA
"...430","MiamiBeach","28","11/19/2024 12:00:00","Field_Specific_Conductance",48788,"umhos/cm",NA,NA,NA
"...431","MiamiBeach","32","11/19/2024 12:00:00","Field_Specific_Conductance",49176,"umhos/cm",NA,NA,NA
"...432","MiamiBeach","33","11/19/2024 12:00:00","Field_Specific_Conductance",49794,"umhos/cm",NA,NA,NA
"...433","MiamiBeach","29","11/19/2024 12:00:00","Field_Specific_Conductance",48931,"umhos/cm",NA,NA,NA
"...434","MiamiBeach","30","11/19/2024 12:00:00","Field_Specific_Conductance",49730,"umhos/cm",NA,NA,NA
"...435","MiamiBeach","31","11/19/2024 12:00:00","Field_Specific_Conductance",51179,"umhos/cm",NA,NA,NA
"...436","MiamiBeach","34","11/19/2024 12:00:00","Field_Specific_Conductance",51118,"umhos/cm",NA,NA,NA
"...437","MiamiBeach","41","11/19/2024 12:00:00","Field_Specific_Conductance",53399,"umhos/cm",NA,NA,NA
"...438","MiamiBeach","40","11/19/2024 12:00:00","Field_Specific_Conductance",53103,"umhos/cm",NA,NA,NA
"...439","MiamiBeach","39","11/19/2024 12:00:00","Field_Specific_Conductance",53021,"umhos/cm",NA,NA,NA
"...440","MiamiBeach","38","11/19/2024 12:00:00","Field_Specific_Conductance",52759,"umhos/cm",NA,NA,NA
"...441","MiamiBeach","37","11/19/2024 12:00:00","Field_Specific_Conductance",51099,"umhos/cm",NA,NA,NA
"...442","MiamiBeach","36","11/19/2024 12:00:00","Field_Specific_Conductance",52284,"umhos/cm",NA,NA,NA
"...443","MiamiBeach","35","11/19/2024 12:00:00","Field_Specific_Conductance",52136,"umhos/cm",NA,NA,NA
"...444","MiamiBeach","25","11/19/2024 12:00:00","Field_Specific_Conductance",50787,"umhos/cm",NA,NA,NA
"...445","MiamiBeach","1","11/20/2024 12:00:00","Field_Specific_Conductance",50378,"umhos/cm",NA,NA,NA
"...446","MiamiBeach","2","11/20/2024 12:00:00","Field_Specific_Conductance",50119,"umhos/cm",NA,NA,NA
"...447","MiamiBeach","3","11/20/2024 12:00:00","Field_Specific_Conductance",50598,"umhos/cm",NA,NA,NA
"...448","MiamiBeach","4","11/20/2024 12:00:00","Field_Specific_Conductance",50560,"umhos/cm",NA,NA,NA
"...449","MiamiBeach","5","11/20/2024 12:00:00","Field_Specific_Conductance",50634,"umhos/cm",NA,NA,NA
"...450","MiamiBeach","6","11/20/2024 12:00:00","Field_Specific_Conductance",51534,"umhos/cm",NA,NA,NA
"...451","MiamiBeach","7","11/20/2024 12:00:00","Field_Specific_Conductance",48938,"umhos/cm",NA,NA,NA
"...452","MiamiBeach","8","11/20/2024 12:00:00","Field_Specific_Conductance",49226,"umhos/cm",NA,NA,NA
"...453","MiamiBeach","9","11/20/2024 12:00:00","Field_Specific_Conductance",48454,"umhos/cm",NA,NA,NA
"...454","MiamiBeach","10","11/20/2024 12:00:00","Field_Specific_Conductance",49527,"umhos/cm",NA,NA,NA
"...455","MiamiBeach","11","11/20/2024 12:00:00","Field_Specific_Conductance",49567,"umhos/cm",NA,NA,NA
"...456","MiamiBeach","12","11/20/2024 12:00:00","Field_Specific_Conductance",52141,"umhos/cm",NA,NA,NA
"...457","MiamiBeach","13","11/20/2024 12:00:00","Field_Specific_Conductance",50359,"umhos/cm",NA,NA,NA
"...458","MiamiBeach","14","11/20/2024 12:00:00","Field_Specific_Conductance",50658,"umhos/cm",NA,NA,NA
"...459","MiamiBeach","15","11/20/2024 12:00:00","Field_Specific_Conductance",49772,"umhos/cm",NA,NA,NA
"...460","MiamiBeach","16","11/20/2024 12:00:00","Field_Specific_Conductance",49904,"umhos/cm",NA,NA,NA
"...461","MiamiBeach","17","11/20/2024 12:00:00","Field_Specific_Conductance",49160,"umhos/cm",NA,NA,NA
"...462","MiamiBeach","18","11/20/2024 12:00:00","Field_Specific_Conductance",50101,"umhos/cm",NA,NA,NA
"...463","MiamiBeach","19","11/20/2024 12:00:00","Field_Specific_Conductance",50078,"umhos/cm",NA,NA,NA
"...464","MiamiBeach","20","11/20/2024 12:00:00","Field_Specific_Conductance",50481,"umhos/cm",NA,NA,NA
"...465","MiamiBeach","21","11/20/2024 12:00:00","Field_Specific_Conductance",50620,"umhos/cm",NA,NA,NA
"...466","MiamiBeach","22","11/20/2024 12:00:00","Field_Specific_Conductance",51409,"umhos/cm",NA,NA,NA
"...467","MiamiBeach","23","11/20/2024 12:00:00","Field_Specific_Conductance",51875,"umhos/cm",NA,NA,NA
"...468","MiamiBeach","24","11/20/2024 12:00:00","Field_Specific_Conductance",51858,"umhos/cm",NA,NA,NA
"...469","MiamiBeach","#1","12/30/2024 12:00:00","Field_Specific_Conductance",52758,"umhos/cm",NA,NA,NA
"...470","MiamiBeach","#2","12/30/2024 12:00:00","Field_Specific_Conductance",52551,"umhos/cm",NA,NA,NA
"...471","MiamiBeach","#3B","12/30/2024 12:00:00","Field_Specific_Conductance",53465,"umhos/cm",NA,NA,NA
"...472","MiamiBeach","#3","12/30/2024 12:00:00","Field_Specific_Conductance",52927,"umhos/cm",NA,NA,NA
"...473","MiamiBeach","#3A","12/30/2024 12:00:00","Field_Specific_Conductance",39068,"umhos/cm",NA,NA,NA
"...474","MiamiBeach","#4","12/30/2024 12:00:00","Field_Specific_Conductance",53227,"umhos/cm",NA,NA,NA
"...475","MiamiBeach","#5","12/30/2024 12:00:00","Field_Specific_Conductance",50326,"umhos/cm",NA,NA,NA
"...476","MiamiBeach","#6","12/30/2024 12:00:00","Field_Specific_Conductance",50032,"umhos/cm",NA,NA,NA
"...477","MiamiBeach","#7","12/30/2024 12:00:00","Field_Specific_Conductance",50041,"umhos/cm",NA,NA,NA
"...478","MiamiBeach","#8","12/30/2024 12:00:00","Field_Specific_Conductance",48754,"umhos/cm",NA,NA,NA
"...479","MiamiBeach","#9","12/30/2024 12:00:00","Field_Specific_Conductance",48210,"umhos/cm",NA,NA,NA
"...480","MiamiBeach","#10","12/30/2024 12:00:00","Field_Specific_Conductance",49880,"umhos/cm",NA,NA,NA
"...481","MiamiBeach","#11","12/30/2024 12:00:00","Field_Specific_Conductance",51384,"umhos/cm",NA,NA,NA
"...482","MiamiBeach","#12","12/30/2024 12:00:00","Field_Specific_Conductance",50680,"umhos/cm",NA,NA,NA
"...483","MiamiBeach","#13","12/30/2024 12:00:00","Field_Specific_Conductance",51244,"umhos/cm",NA,NA,NA
"...484","MiamiBeach","#14","12/30/2024 12:00:00","Field_Specific_Conductance",52327,"umhos/cm",NA,NA,NA
"...485","MiamiBeach","#15","12/30/2024 12:00:00","Field_Specific_Conductance",52278,"umhos/cm",NA,NA,NA
"...486","MiamiBeach","#16","12/30/2024 12:00:00","Field_Specific_Conductance",51070,"umhos/cm",NA,NA,NA
"...487","MiamiBeach","#17","12/30/2024 12:00:00","Field_Specific_Conductance",50563,"umhos/cm",NA,NA,NA
"...488","MiamiBeach","#18","12/30/2024 12:00:00","Field_Specific_Conductance",51846,"umhos/cm",NA,NA,NA
"...489","MiamiBeach","#19","12/30/2024 12:00:00","Field_Specific_Conductance",51441,"umhos/cm",NA,NA,NA
"...490","MiamiBeach","#20","12/30/2024 12:00:00","Field_Specific_Conductance",52663,"umhos/cm",NA,NA,NA
"...491","MiamiBeach","#21","12/30/2024 12:00:00","Field_Specific_Conductance",52585,"umhos/cm",NA,NA,NA
"...492","MiamiBeach","#22","12/30/2024 12:00:00","Field_Specific_Conductance",52480,"umhos/cm",NA,NA,NA
"...493","MiamiBeach","#23","12/30/2024 12:00:00","Field_Specific_Conductance",52781,"umhos/cm",NA,NA,NA
"...494","MiamiBeach","#24","12/30/2024 12:00:00","Field_Specific_Conductance",52770,"umhos/cm",NA,NA,NA
